NEWJOB,1529861126736
10,3
11,3
12,2
13,4
14,1
15,4
16,3
17,5
18,4
19,3
20,1
21,2
22,1
23,1
24,2
25,2
26,266
27,5
28,6
29,3
30,3
31,2
32,4
33,1
34,2
35,3
36,13
37,2
38,5
39,1
40,5
41,1
42,2
43,2
44,3
45,1
46,6
47,3
48,3
49,3
50,3
51,1
52,3
53,3
54,2
55,3
56,3
57,3
58,5
59,2
60,2
61,2
62,3
63,3
64,3
65,230
66,2
67,3
68,2
69,2
70,1
71,3
72,1
73,2
74,3
75,2
76,0
77,2
78,1
79,2
80,1
81,0
82,227
83,3
84,1
85,2
86,1
87,1
88,2
89,2
90,1
91,1
92,1
93,291
94,0
96,2
95,229
97,2
98,1
99,1
100,1
101,1
102,292
103,3
104,3
105,1
106,2
107,1
108,2
109,1
110,2
111,2
112,2
113,283
114,1
115,0
116,1
117,1
118,1
119,1
120,1
121,2
122,1
123,2
124,1
125,1
126,1
127,1
128,2
129,1
130,290
131,0
132,3
133,0
134,0
135,234
136,1
137,3
138,1
139,1
140,0
141,1
142,1
143,1
144,1
145,1
146,0
147,277
148,1
149,1
150,1
151,1
152,1
153,2
154,2
155,1
156,0
157,1
158,0
159,2
160,1
161,1
162,2
163,1
164,1
165,1
166,2
167,0
168,1
169,287
170,1
171,2
172,2
173,1
174,1
175,2
176,0
177,434
178,203
179,1
180,1
181,1
182,2
183,0
184,257
185,2
186,1
187,0
188,1
189,1
190,1
192,1
191,256
193,1
194,1
195,1
196,1
197,1
198,236
199,2
200,1
201,1
202,219
203,1
204,1
205,2
206,1
207,0
208,0
209,1
210,1
211,252
212,2
213,1
214,1
215,2
216,1
217,2
218,2
219,1
220,1
221,1
222,1
223,1
224,1
225,1
226,2
227,1
228,1
229,0
230,1
231,1
232,1
233,1
234,1
235,1
236,1
237,1
238,2
239,1
240,1
241,2
242,1
243,0
244,2
245,2
246,1
247,1
248,1
249,2
250,1
251,1
252,1
253,1
254,1
256,229
257,1
255,514
258,1
259,1
260,1
261,484
262,236
263,1
264,1
265,1
266,1
267,1
268,0
269,1
270,0
271,1
272,1
273,1
274,1
275,1
276,1
277,1
278,0
279,1
280,1
281,0
282,0
283,1
284,1
285,0
286,0
287,0
288,1
289,1
290,1
291,1
292,0
293,0
294,0
295,0
296,0
297,0
298,1
299,0
300,1
301,1
302,1
303,1
304,1
305,2
306,2
307,3
308,1
309,1
310,0
311,0
312,0
313,0
314,1
315,0
316,0
317,1
318,0
320,0
319,243
321,1
322,0
323,1
324,2
325,1
326,0
327,264
328,0
329,1
330,1
331,1
332,1
333,1
334,1
335,0
336,1
337,0
338,1
339,219
340,1
341,2
342,1
343,1
344,1
345,2
346,0
347,1
348,0
349,1
350,0
351,1
352,1
353,252
354,1
355,0
356,1
357,285
358,1
359,1
360,1
361,1
362,1
363,1
364,1
365,1
366,207
367,2
368,462
369,251
370,1
371,0
372,0
373,3
374,1
375,1
376,1
377,0
378,1
379,287
380,1
381,1
382,1
384,0
383,298
385,1
386,222
387,1
388,1
389,1
390,2
391,1
392,457
393,227
394,3
395,1
396,1
397,5
398,1
399,1
400,265
401,2
402,1
403,1
404,1
405,0
406,1
407,1
408,1
409,1
410,1
411,1
412,1
413,1
414,1
415,1
416,1
417,1
418,207
419,1
420,1
421,1
422,1
423,282
424,1
425,2
426,2
427,1
428,0
429,1
430,1
431,0
432,1
433,2
434,279
435,1
436,1
437,1
438,1
439,0
440,1
441,2
442,1
443,2
444,1
445,1
446,2
447,1
448,1
449,1
450,0
451,244
452,0
453,0
454,1
455,1
456,1
457,1
458,1
459,1
460,1
461,1
462,2
463,0
464,0
465,1
466,0
467,1
468,1
469,0
470,284
471,1
472,1
473,1
474,208
475,1
476,2
477,1
478,0
479,1
480,1
481,1
482,1
483,1
484,1
485,1
486,0
487,2
488,2
489,1
490,2
491,3
492,1
493,1
494,1
495,1
496,2
497,2
498,1
499,1
500,2
501,1
502,1
503,1
504,1
505,0
506,1
507,300
508,0
509,1
510,1
511,1
512,1
513,2
514,202
515,1
516,0
517,1
518,1
519,1
520,1
521,2
522,519
523,273
524,1
525,1
526,1
527,1
528,1
529,1
530,1
531,243
532,0
533,0
534,231
535,1
536,1
537,1
538,1
539,0
540,2
541,2
542,1
544,251
545,1
543,460
546,1
547,1
548,1
549,1
550,1
551,1
552,204
553,2
554,1
555,0
556,299
557,1
558,1
559,1
560,1
561,1
562,2
563,213
564,1
565,1
566,1
567,1
568,1
569,1
570,1
571,1
572,1
573,1
574,1
575,1
576,1
577,273
578,1
579,1
580,2
581,1
582,252
583,1
584,1
585,265
586,2
587,0
588,1
589,2
590,3
591,1
592,1
593,1
594,1
595,1
596,2
597,1
598,1
599,1
600,2
601,284
602,1
603,2
604,1
605,1
606,2
607,1
608,1
609,0
610,1
611,1
612,1
613,1
614,2
615,0
616,1
617,0
618,1
619,1
620,1
621,2
622,1
623,1
624,1
625,1
626,1
627,2
628,0
629,278
630,1
631,1
632,1
633,1
634,1
635,1
636,266
637,0
638,1
639,1
640,1
641,1
642,1
643,290
644,1
645,269
646,1
647,1
648,1
649,1
650,0
651,1
652,1
653,1
654,1
655,0
656,1
657,1
658,1
659,1
660,0
661,0
662,1
663,0
664,1
665,0
666,1
667,0
668,1
669,0
670,1
672,1
671,210
673,1
674,247
675,1
676,1
677,1
678,1
679,0
680,1
681,1
682,1
683,259
684,0
685,1
686,231
687,1
688,1
689,1
690,0
691,1
692,0
693,1
694,1
695,1
696,1
697,1
698,1
699,0
700,0
701,1
702,1
703,1
704,1
705,457
706,209
707,3
708,1
709,1
710,0
711,0
712,0
713,1
714,1
715,1
716,1
717,1
718,2
719,2
720,2
721,1
722,1
723,0
724,2
725,1
726,1
727,1
728,3
729,1
730,1
731,2
732,1
733,0
734,1
735,0
736,0
737,1
738,1
739,1
740,2
741,0
742,0
743,268
744,1
745,1
746,286
747,0
748,206
749,0
750,2
751,1
752,1
753,1
754,1
755,2
756,209
757,0
758,294
759,0
760,1
761,1
762,0
763,1
764,-1
765,1
766,1
767,1
768,264
769,0
770,0
771,0
772,1
773,14
774,1
775,1
776,1
777,248
778,2
779,0
780,462
781,246
782,0
784,0
783,288
785,0
786,0
787,1
788,1
789,1
790,0
791,0
792,0
793,1
794,0
795,1
796,1
797,1
798,1
799,0
800,0
801,0
802,276
803,0
804,5
805,0
806,1
807,274
808,1
809,200
810,0
811,0
812,1
813,0
814,1
815,1
816,1
817,1
818,1
819,1
820,1
821,0
822,1
823,1
824,1
825,0
826,1
827,1
828,1
829,0
830,229
831,0
832,222
833,1
834,0
835,284
836,1
837,541
838,249
839,0
840,283
841,1
842,1
843,1
844,0
845,1
846,0
848,1
847,240
849,0
850,2
851,1
852,1
853,0
854,0
855,2
856,217
857,1
858,2
859,1
860,1
861,0
862,0
863,0
864,250
865,1
866,3
867,2
868,1
869,1
870,0
871,1
872,287
873,0
874,2
875,1
876,2
877,1
878,1
879,1
880,1
881,1
882,1
883,246
884,2
885,1
886,1
887,2
888,0
889,1
890,1
891,0
892,1
893,286
894,1
895,1
896,1
897,2
898,1
899,1
900,0
901,1
902,2
903,1
904,1
905,1
906,212
907,2
908,1
909,205
910,1
912,0
911,245
913,2
914,1
915,2
916,0
917,1
918,0
919,298
920,1
921,1
922,1
923,0
924,290
925,1
926,1
927,2
928,1
929,1
930,0
931,1
932,1
933,0
934,0
935,0
936,2
937,1
938,1
939,2
940,1
941,279
942,2
943,1
944,1
945,514
946,294
947,1
948,0
949,2
950,1
951,1
952,1
953,0
954,203
955,1
956,2
957,1
958,2
959,13
960,1
961,1
962,1
963,2
964,1
965,0
966,1
967,1
968,1
969,1
970,1
971,1
972,0
976,1
973,786
974,543
975,293
977,1
978,2
979,0
980,1
981,2
982,1
983,1
984,0
985,1
986,2
987,1
988,1
989,1
990,1
991,1
992,0
993,1
994,258
995,1
996,1
997,1
998,2
999,1
1000,1
1001,1
1002,2
1003,1
1004,1
1005,2
1006,289
1007,1
1008,2
1009,2
1010,1
1011,1
1012,1
1013,1
1014,1
1015,1
1016,1
1017,1
1018,1
1019,0
1020,1
1021,1
1022,1
1023,1
1024,1
1025,1
1026,2
1027,1
1028,1
1029,1
1030,1
1031,298
1032,1
1033,1
1034,1
1035,1
1036,0
1037,1
1038,2
1039,1
1040,1
1041,1
1042,227
1043,2
1044,0
1045,1
1046,1
1047,0
1048,0
1049,1
1050,285
1051,2
1052,1
1053,2
1054,1
1055,0
1056,2
1057,1
1058,226
1059,0
1060,0
1061,1
1062,251
1063,2
1064,3
1065,2
1066,2
1067,1
1068,1
1069,2
1070,1
1071,1
1072,1
1073,1
1074,1
1075,0
1076,2
1077,1
1078,0
1079,0
1080,0
1081,1
1082,2
1083,1
1084,1
1085,1
1086,1
1087,1
1088,1
1089,1
1090,1
1091,1
1092,2
1093,295
1094,1
1095,569
1096,284
1097,1
1098,1
1099,1
1100,1
1101,0
1102,1
1103,1
1104,252
1105,2
1106,1
1107,1
1108,2
1109,2
1110,1
1111,561
1112,264
1113,1
1114,1
1115,1
1116,1
1117,1
1118,2
1119,1
1120,235
1121,1
1122,1
1123,1
1124,253
1125,2
1126,1
1127,1
1128,0
1129,1
1130,1
1131,1
1132,1
1133,1
1134,1
1135,2
1136,1
1137,1
1138,268
1139,1
1140,459
1141,228
1142,1
1143,1
1144,1
1145,6
1146,1
1147,0
1148,2
1149,1
1150,0
1151,1
1152,2
1153,1
1154,209
1155,0
1156,0
1157,1
1158,1
1159,1
1160,1
1161,282
1162,1
1163,1
1164,3
1165,1
1166,0
1167,1
1168,1
1169,1
1170,2
1171,1
1172,1
1173,0
1174,1
1175,1
1176,256
1177,1
1178,1
1179,0
1180,218
1181,1
1182,1
1183,0
1184,1
1185,1
1186,1
1187,1
1188,0
1189,0
1190,0
1191,0
1192,0
1193,0
1194,276
1195,1
1196,1
1197,1
1198,1
1199,0
1200,1
1201,1
1202,0
1203,2
1204,1
1205,1
1206,2
1207,1
1208,1
1209,1
1210,1
1211,1
1212,1
1213,1
1214,1
1215,1
1216,2
1217,1
1218,212
1219,0
1220,0
1221,0
1222,0
1223,0
1224,2
1225,1
1226,1
1227,1
1228,2
1229,1
1230,1
1232,0
1231,222
1233,1
1234,1
1235,1
1236,272
1237,0
1238,1
1239,273
1240,1
1241,3
1242,0
1243,1
1244,242
1245,1
1246,1
1247,1
1248,2
1249,1
1250,0
1251,0
1252,1
1253,2
1254,1
1255,1
1256,2
1257,1
1258,2
1259,1
1260,225
1261,1
1262,1
1263,0
1264,1
1265,1
1266,1
1267,2
1268,1
1269,1
1270,1
1271,1
1272,2
1273,1
1274,1
1275,2
1276,1
1277,260
1278,1
1279,1
1280,1
1281,294
1282,1
1283,1
1284,0
1285,0
1286,18
1287,1
1288,2
1289,1
1290,1
1291,205
1292,1
1293,1
1294,1
1295,1
1296,1
1297,1
1298,1
1299,1
1300,1
1301,2
1302,5
1303,1
1304,1
1305,2
1306,1
1307,1
1308,1
1309,1
1310,0
1311,2
1312,249
1313,0
1314,1
1315,1
1316,1
1317,0
1318,2
1319,242
1320,2
1321,2
1322,1
1323,1
1324,0
1325,1
1326,253
1327,1
1328,1
1329,273
1330,1
1331,0
1332,1
1333,1
1334,0
1335,0
1336,1
1337,2
1338,1
1339,1
1340,0
1341,1
1342,2
1343,1
1344,0
1345,1
1346,1
1347,1
1348,3
1349,1
1350,1
1351,0
1352,1
1353,2
1354,0
1355,1
1356,215
1357,1
1358,1
1359,0
1360,1
1361,1
1362,1
1363,1
1364,1
1365,1
1366,1
1367,1
1368,1
1369,1
1370,1
1371,2
1372,0
1373,1
1374,1
1375,0
1376,1
1377,1
1378,233
1379,1
1380,243
1381,1
1382,251
1383,2
1384,1
1385,1
1386,1
1387,1
1388,1
1389,1
1390,1
1391,2
1392,256
1393,1
1394,0
1395,2
1396,1
1397,0
1398,1
1399,264
1400,0
1401,1
1402,9
1403,0
1404,1
1405,2
1406,1
1407,1
1408,1
1409,298
1410,1
1411,1
1412,1
1413,1
1414,1
1415,1
1416,2
1417,1
1418,1
1419,245
1420,1
1421,0
1422,258
1423,1
1424,1
1425,0
1426,1
1427,1
1428,1
1429,1
1430,1
1431,2
1432,2
1433,0
1434,1
1435,250
1436,1
1437,1
1438,1
1439,2
1440,21
1441,2
1442,2
1443,0
1444,1
1445,1
1446,1
1447,1
1448,269
1449,1
1450,1
1451,1
1452,0
1453,281
1454,0
1455,2
1456,208
1457,1
1458,1
1459,0
1460,1
1461,1
1462,1
1463,1
1464,1
1465,1
1466,1
1467,1
1468,1
1469,1
1470,1
1471,1
1472,2
1473,1
1474,2
1475,0
1476,1
1477,1
1478,0
1479,0
1480,1
1481,1
1482,1
1483,1
1484,1
1485,258
1486,0
1487,1
1488,1
1489,1
1490,8
1491,0
1492,0
1493,1
1494,1
1495,2
1496,1
1497,227
1498,1
1499,1
1500,1
1501,1
1502,1
1503,1
1504,1
1505,0
1506,2
1507,217
1508,0
1509,0
1510,1
1511,1
1512,1
1513,0
1514,1
1515,0
1516,252
1517,1
1518,291
1519,1
1520,1
1521,1
1522,1
1523,0
1524,0
1525,1
1526,278
1527,2
1528,228
1529,2
1530,1
1531,1
1532,1
1533,1
1534,1
1535,0
1536,0
1537,290
1538,1
1539,1
1540,1
1541,1
1542,241
1543,1
1544,2
1545,4
1546,2
1547,1
1548,1
1549,1
1550,1
1551,1
1552,0
1553,2
1554,1
1555,1
1556,2
1557,0
1558,1
1559,0
1560,1
1561,1
1562,2
1563,1
1564,1
1565,1
1566,1
1567,2
1568,2
1569,0
1570,1
1571,1
1572,1
1573,1
1574,1
1575,1
1576,2
1577,1
1578,0
1579,221
1580,0
1581,2
1582,1
1583,2
1584,241
1585,1
1586,1
1587,1
1588,1
1589,0
1590,302
1591,1
1592,1
1593,2
1594,1
1595,1
1596,1
1597,1
1598,1
1599,1
1600,1
1601,1
1602,2
1603,0
1604,1
1605,1
1606,1
1607,0
1608,1
1609,1
1610,1
1611,2
1612,1
1613,1
1614,1
1615,1
1616,1
1617,1
1618,1
1619,1
1620,1
1621,1
1622,284
1623,1
1624,2
1625,1
1626,2
1627,0
1628,4
1629,1
1630,1
1631,1
1632,1
1633,1
1634,1
1635,1
1636,1
1637,1
1638,1
1639,0
1640,2
1641,1
1642,1
1643,1
1644,1
1645,2
1646,0
1647,0
1648,1
1649,1
1650,1
1651,1
1652,1
1653,1
1654,0
1655,1
1656,280
1657,0
1658,2
1659,0
1660,1
1661,0
1662,1
1663,2
1664,1
1665,1
1666,1
1667,1
1668,459
1669,236
1670,2
1671,1
1672,2
1673,1
1674,0
1675,1
1676,1
1677,1
1678,1
1679,1
1680,2
1681,218
1682,0
1683,1
1684,1
1685,1
1686,1
1687,1
1688,1
1689,1
1690,2
1691,1
1692,1
1693,1
1696,1
1694,510
1695,268
1697,0
1698,1
1699,1
1700,0
1701,1
1702,1
1703,1
1704,1
1705,1
1706,1
1707,1
1708,1
1709,2
1710,1
1711,0
1712,1
1713,0
1714,1
1715,2
1716,1
1717,2
1718,1
1719,1
1720,1
1721,1
1722,1
1723,1
1724,1
1725,1
1726,223
1727,1
1728,1
1729,1
1730,1
1731,31
1732,1
1733,2
1734,1
1735,1
1736,2
1737,2
1738,306
1739,23
1740,1
1741,1
1742,1
1743,0
1744,2
1745,1
1746,1
1747,1
1748,1
1749,1
1750,1
1751,1
1752,273
1753,1
1754,253
1755,2
1756,1
1757,0
1758,1
1759,1
1760,1
1761,2
1762,2
1763,1
1764,0
1765,1
1766,1
1767,1
1768,1
1769,1
1770,1
1771,1
1772,1
1773,1
1774,1
1775,1
1776,1
1777,2
1778,1
1779,0
1780,0
1781,1
1782,253
1783,1
1784,2
1785,1
1786,1
1787,1
1788,0
1789,1
1790,0
1791,1
1792,1
1793,2
1794,1
1795,1
1796,2
1797,0
1798,2
1799,1
1800,1
1801,1
1802,1
1803,1
1804,2
1805,0
1806,275
1807,1
1808,1
1809,1
1810,1
1811,0
1812,1
1813,1
1814,1
1815,1
1816,2
1817,757
1818,463
1819,244
1820,1
1821,1
1822,25
1823,0
1824,1
1825,1
1826,259
1827,1
1828,1
1829,2
1830,1
1831,0
1832,1
1833,271
1834,1
1835,1
1836,1
1837,2
1838,1
1839,1
1840,0
1841,1
1842,1
1843,1
1844,300
1845,2
1846,0
1847,2
1848,0
1849,0
1850,1
1851,1
1852,3
1853,1
1854,1
1855,0
1856,1
1857,247
1858,1
1859,1
1860,222
1861,1
1862,3
1863,0
1864,1
1865,1
1866,1
1867,2
1868,3
1869,1
1870,233
1871,1
1872,1
1873,2
1874,1
1875,1
1876,0
1877,1
1878,0
1879,509
1880,251
1881,1
1882,2
1883,1
1884,1
1885,218
1886,1
1887,0
1888,219
1889,1
1890,1
1891,0
1892,1
1893,221
1894,1
1895,1
1896,1
1897,0
1898,0
1899,1
1900,1
1901,274
1902,0
1903,1
1904,0
1905,1
1906,0
1907,0
1908,2
1909,1
1910,1
1911,0
1912,1
1913,1
1914,1
1915,1
1916,0
1917,2
1918,1
1919,1
1920,1
1921,1
1922,1
1923,3
1924,0
1925,1
1926,2
1927,0
1928,1
1929,1
1930,223
1931,1
1932,1
1933,4
1934,2
1935,1
1936,1
1937,1
1938,1
1939,1
1940,1
1941,0
1942,292
1943,1
1944,3
1945,1
1946,1
1947,0
1948,1
1949,2
1950,1
1951,1
1952,1
1953,1
1954,1
1955,1
1956,2
1957,2
1958,1
1959,1
1960,1
1961,1
1962,245
1963,0
1964,2
1965,1
1966,1
1967,13
1968,1
1969,0
1970,1
1971,1
1972,2
1973,1
1974,0
1975,2
1976,722
1977,487
1978,210
1979,1
1980,1
1981,2
1982,1
1983,2
1984,0
1985,2
1986,1
1987,1
1988,1
1989,1
1990,1
1991,1
1992,2
1993,1
1994,269
1995,1
1996,1
1997,1
1998,1
1999,1
2000,209
2001,1
2002,1
2003,298
2004,1
2005,2
2006,1
2007,1
2008,1
2009,1
2010,1
2011,1
2012,1
2013,1
2014,1
2015,2
2016,1
2017,257
2018,1
2019,736
2020,535
2021,236
2022,1
2023,1
2024,1
2025,1
2026,0
2027,1
2028,1
2029,1
2030,1
2032,1
2031,260
2033,0
2034,1
2035,1
2036,1
2037,1
2038,1
2039,251
2040,1
2041,0
2042,0
2043,1
2044,3
2045,0
2046,1
2047,2
2048,1
2049,1
2050,0
2051,0
2052,3
2053,1
2054,1
2055,555
2056,259
2057,1
2058,0
2059,0
2060,0
2061,0
2062,1
2063,1
2064,2
2065,2
2066,1
2067,2
2068,255
2069,2
2070,0
2071,0
2072,219
2073,0
2074,0
2075,1
2076,0
2077,10
2078,0
2079,0
2080,265
2081,1
2082,1
2083,1
2084,0
2085,0
2086,273
2087,0
2088,1
2089,0
2090,2
2091,44
2092,2
2093,1
2094,0
2095,1
2096,5
2097,1
2098,212
2099,1
2100,0
2101,1
2102,293
2103,0
2104,1
2105,1
2106,1
2107,1
2108,0
2109,1
2110,0
2111,1
2112,1
2113,275
2114,1
2115,1
2116,1
2117,293
2118,1
2119,1
2120,1
2121,229
2122,2
2123,2
2124,1
2125,0
2126,0
2127,1
2128,0
2129,1
2130,0
2131,1
2132,0
2133,1
2134,1
2135,226
2136,1
2137,1
2138,2
2139,0
2140,253
2141,1
2142,1
2143,1
2144,2
2145,49
2146,1
2147,1
2148,2
2149,0
2150,2
2151,0
2152,1
2153,0
2154,1
2155,279
2156,1
2157,2
2158,1
2159,0
2160,0
2161,252
2162,0
2163,1
2164,1
2165,205
2166,1
2167,275
2168,1
2169,0
2170,23
2171,0
2172,1
2173,1
2174,1
2175,1
2176,0
2177,265
2178,1
2179,1
2180,1
2181,1
2182,1
2183,1
2184,1
2185,1
2186,1
2187,1
2188,1
2189,0
2190,2
2192,0
2191,263
2193,0
2194,2
2195,0
2196,1
2197,1
2198,1
2199,0
2200,0
2201,0
2202,0
2203,1
2204,0
2205,0
2206,1
2207,2
2208,512
2209,213
2210,0
2211,1
2212,234
2213,1
2214,5
2215,1
2216,1
2217,4
2218,209
2219,0
2220,1
2221,0
2222,2
2223,0
2224,1
2225,1
2226,2
2227,302
2228,1
2229,1
2230,1
2231,0
2232,0
2233,0
2234,0
2235,1
2236,1
2237,3
2238,1
2240,1
2239,235
2241,0
2242,1
2243,0
2244,4
2245,0
2246,0
2247,0
2248,1
2249,1
2250,1
2251,0
2252,1
2253,2
2254,1
2255,0
2256,297
2257,1
2258,2
2259,1
2260,1
2261,0
2262,2
2263,1
2264,216
2265,0
2266,1
2267,1
2268,1
2269,1
2270,1
2271,0
2272,2
2273,1
2274,205
2275,1
2276,230
2277,1
2278,1
2279,272
2280,0
2281,8
2282,1
2283,0
2284,1
2285,11
2286,1
2287,6
2288,2
2289,1
2290,1
2291,1
2292,0
2293,249
2294,1
2295,1
2296,1
2297,10
2298,1
2299,1
2300,8
2301,1
2302,1
2303,2
2304,1
2305,0
2306,0
2307,1
2308,4
2309,0
2310,1
2311,2
2312,1
2313,1
2314,1
2315,1
2316,0
2317,2
2318,1
2319,1
2320,0
2321,0
2322,0
2323,1
2324,214
2325,0
2326,1
2327,2
2328,1
2329,1
2330,1
2331,0
2332,1
2333,0
2334,1
2335,1
2336,3
2337,0
2338,2
2339,0
2340,270
2341,0
2342,1
2343,1
2344,0
2345,0
2346,1
2347,0
2348,211
2349,1
2350,1
2351,1
2352,1
2353,2
2354,1
2355,1
2356,1
2357,294
2358,2
2359,1
2360,0
2361,1
2362,228
2363,0
2364,1
2365,1
2366,0
2367,0
2368,2
2369,1
2370,1
2371,2
2372,0
2373,495
2374,249
2375,0
2376,2
2377,3
2378,1
2379,2
2380,1
2381,1
2382,1
2383,1
2384,1
2385,0
2386,204
2387,0
2388,1
2389,9
2390,2
2391,7
2392,0
2393,1
2394,1
2395,0
2396,1
2397,1
2398,1
2399,0
2400,1
2401,1
2402,1
2403,1
2404,1
2405,276
2406,1
2407,1
2408,0
2409,6
2410,0
2411,1
2412,1
2413,1
2414,1
2415,1
2416,1
2417,1
2418,1
2419,1
2420,0
2421,1
2422,0
2423,1
2424,248
2425,0
2426,1
2427,1
2428,0
2429,0
2430,2
2432,0
2431,225
2433,1
2434,1
2435,0
2436,56
2437,1
2438,1
2439,1
2440,1
2441,1
2442,0
2443,2
2444,1
2445,2
2446,1
2447,0
2448,0
2449,1
2450,1
2451,1
2452,1
2453,1
2454,1
2455,1
2456,1
2457,1
2458,1
2459,0
2460,1
2461,1
2462,1
2463,1
2464,2
2465,1
2466,1
2467,0
2468,0
2469,1
2470,1
2471,1
2472,219
2473,0
2474,1
2475,1
2476,1
2477,0
2478,1
2479,1
2480,0
2481,0
2482,1
2483,1
2484,0
2485,229
2486,1
2487,1
2488,0
2489,1
2490,0
2491,0
2492,1
2493,1
2494,1
2495,1
2496,1
2497,1
2498,2
2499,1
2500,2
2501,0
2502,297
2503,1
2504,1
2505,0
2506,4
2507,4
2508,1
2509,1
2512,1
2510,481
2511,250
2513,1
2514,231
2515,1
2516,1
2517,1
2518,1
2519,0
2520,1
2521,1
2522,0
2523,1
2524,0
2525,286
2526,1
2527,1
2528,1
2529,2
2530,254
2531,2
2532,0
2533,1
2534,1
2535,0
2536,2
2537,2
2538,1
2539,2
2540,1
2541,1
2542,1
2543,1
2544,1
2545,2
2546,289
2547,0
2548,1
2549,225
2550,0
2551,1
2552,1
2553,1
2554,9
2555,225
2556,0
2557,2
2558,8
2559,2
2560,1
2561,1
2562,2
2563,0
2564,0
2565,2
2566,1
2567,0
2568,1
2569,1
2570,0
2571,1
2572,1
2573,0
2574,1
2575,1
2576,0
2577,1
2578,1
2579,280
2580,2
2581,0
2582,267
2583,1
2584,34
2585,1
2586,0
2587,40
2588,1
2589,219
2590,1
2591,1
2592,1
2593,2
2594,1
2595,2
2596,1
2597,1
2598,1
2599,1
2600,1
2601,1
2602,1
2603,2
2604,0
2605,262
2606,1
2607,1
2608,0
2609,0
2610,47
2611,1
2612,1
2613,1
2614,202
2615,0
2616,1
2617,0
2618,2
2619,71
2620,1
2621,1
2622,1
2623,11
2624,1
2625,1
2626,1
2627,1
2628,1
2629,1
2630,220
2631,0
2632,1
2633,1
2634,0
2635,1
2636,1
2637,1
2638,1
2639,2
2640,0
2641,1
2642,1
2643,1
2644,1
2645,0
2646,1
2647,1
2648,0
2649,5
2650,1
2651,2
2652,0
2653,2
2656,1
2654,489
2655,242
2657,2
2658,1
2659,513
2660,243
2661,2
2662,1
2663,1
2664,1
2665,0
2666,1
2667,0
2668,1
2669,1
2670,1
2671,1
2672,1
2673,1
2674,1
2675,9
2676,1
2677,1
2678,1
2679,1
2680,1
2681,219
2682,0
2683,2
2684,1
2685,1
2686,217
2687,1
2688,1
2689,1
2690,0
2691,26
2692,1
2693,201
2694,1
2695,1
2696,1
2697,1
2698,1
2699,214
2700,1
2701,1
2702,0
2703,1
2704,63
2705,1
2706,0
2707,231
2708,1
2709,0
2710,2
2711,1
2712,1
2713,0
2714,1
2715,1
2716,2
2717,0
2718,1
2720,0
2719,218
2721,1
2722,0
2723,0
2724,0
2725,2
2726,1
2727,259
2728,0
2729,266
2730,0
2731,223
2732,1
2733,1
2734,7
2735,1
2736,68
2737,1
2738,1
2739,0
2740,0
2741,8
2742,1
2743,1
2744,1
2745,1
2746,1
2747,0
2748,1
2749,1
2750,201
2751,0
2752,1
2753,0
2754,1
2755,2
2756,0
2757,2
2758,1
2759,0
2760,1
2761,0
2762,232
2763,0
2764,2
2765,219
2766,0
2767,2
2768,1
2769,1
2770,3
2771,0
2772,1
2773,246
2774,1
2775,1
2776,2
2777,1
2778,25
2779,1
2780,1
2781,1
2782,1
2783,1
2784,2
2785,1
2786,1
2787,1
2788,0
2789,0
2790,0
2791,1
2792,263
2793,1
2794,1
2795,1
2796,280
2797,0
2798,0
2799,1
2800,266
2801,66
2802,1
2803,0
2804,1
2805,486
2806,269
2807,2
2808,2
2809,523
2810,310
2811,82
2812,0
2813,1
2814,1
2815,3
2816,1
2817,1
2818,1
2819,1
2820,0
2821,0
2822,1
2823,6
2824,1
2825,1
2826,0
2827,1
2828,292
2829,1
2830,0
2831,0
2832,1
2833,72
2834,1
2835,0
2836,1
2837,1
2838,262
2839,1
2840,1
2841,0
2842,1
2843,0
2844,272
2845,1
2846,0
2847,1
2848,1
2849,61
2850,2
2851,0
2852,1
2853,1
2854,1
2855,2
2856,0
2857,2
2858,1
2859,2
2860,1
2861,0
2862,1
2863,0
2864,2
2865,1
2866,1
2867,1
2868,6
2869,1
2870,1
2871,257
2872,0
2873,215
2874,0
2875,1
2876,50
2877,2
2878,25
2879,1
2880,1
2881,1
2882,4
2883,1
2884,204
2885,0
2886,1
2887,0
2888,223
2889,1
2890,1
2891,1
2892,1
2893,1
2894,0
2895,1
2896,0
2897,1
2898,1
2899,7
2900,0
2901,1
2902,1
2903,1
2904,1
2905,1
2906,1
2907,1
2908,1
2909,1
2910,2
2911,1
2912,0
2913,2
2914,1
2915,1
2916,1
2917,1
2918,1
2919,276
2920,2
2921,1
2922,1
2923,1
2924,1
2925,1
2926,1
2927,0
2928,1
2929,1
2930,1
2931,268
2932,1
2933,1
2934,2
2935,1
2936,1
2937,1
2938,1
2939,1
2940,1
2941,1
2942,1
2944,0
2943,255
2945,1
2946,1
2947,1
2948,10
2949,229
2950,0
2951,1
2952,1
2953,1
2954,33
2955,236
2956,1
2957,5
2958,1
2959,0
2960,0
2961,1
2962,251
2963,1
2964,1
2965,0
2966,1
2967,112
2968,0
2969,26
2970,0
2971,1
2972,1
2973,0
2974,1
2975,1
2976,1
2977,0
2978,1
2979,1
2980,1
2981,1
2982,1
2983,1
2984,0
2985,2
2986,233
2987,1
2988,1
2989,1
2990,1
2991,1
2992,1
2993,216
2994,0
2995,1
2996,1
2997,0
2998,0
2999,0
3000,1
3001,1
3002,1
3003,1
3004,1
3005,0
3006,0
3007,1
3008,1
3009,1
3010,1
3011,1
3012,219
3013,1
3014,1
3015,1
3016,1
3017,92
3018,0
3019,299
3020,1
3021,2
3022,1
3023,3
3024,0
3025,1
3026,1
3027,1
3028,2
3029,1
3030,0
3031,0
3032,1
3033,0
3034,1
3035,1
3036,1
3037,2
3038,1
3039,1
3040,1
3041,0
3042,247
3043,0
3044,2
3045,1
3046,1
3047,25
3048,1
3049,213
3050,1
3051,0
3052,4
3053,1
3054,1
3055,0
3056,1
3057,2
3058,1
3059,1
3060,1
3061,1
3062,290
3063,1
3064,1
3065,1
3066,0
3067,65
3068,1
3069,1
3070,1
3071,0
3072,1
3073,6
3074,7
3075,1
3076,0
3077,248
3078,1
3079,1
3080,0
3081,2
3082,1
3083,236
3084,1
3085,1
3086,4
3087,2
3088,0
3089,0
3090,1
3091,1
3092,0
3093,1
3094,1
3095,0
3096,298
3097,1
3098,1
3099,1
3100,1
3101,282
3102,0
3103,1
3104,0
3105,1
3106,0
3107,1
3108,232
3109,1
3110,0
3111,1
3112,1
3113,285
3114,1
3115,252
3116,1
3117,227
3118,0
3119,1
3120,21
3121,3
3122,280
3123,1
3124,0
3125,1
3126,1
3127,34
3128,1
3129,276
3130,0
3131,2
3132,1
3133,1
3134,75
3135,1
3136,1
3137,238
3138,5
3139,1
3140,1
3141,0
3142,18
3143,0
3144,1
3145,1
3146,1
3147,0
3148,0
3149,2
3150,7
3151,2
3152,1
3153,274
3154,0
3155,234
3156,0
3157,0
3158,33
3159,1
3160,0
3161,1
3162,286
3163,1
3164,1
3165,1
3166,1
3167,1
3168,0
3169,1
3170,0
3171,0
3172,1
3173,0
3174,268
3175,0
3176,1
3177,0
3178,0
3179,0
3180,0
3181,2
3182,2
3184,1
3183,233
3185,1
3186,228
3187,0
3188,53
3189,1
3190,1
3191,61
3192,1
3193,1
3194,2
3195,1
3196,1
3197,1
3198,0
3200,2
3199,300
3201,1
3202,0
3203,1
3204,1
3205,0
3206,2
3207,0
3208,0
3209,210
3210,0
3211,1
3212,0
3213,0
3214,1
3215,0
3216,0
3217,224
3218,0
3219,1
3220,0
3221,6
3222,269
3223,0
3224,1
3225,1
3226,0
3227,0
3228,280
3229,1
3230,1
3231,1
3232,1
3233,234
3234,2
3235,1
3236,1
3237,2
3238,15
3239,1
3240,0
3241,1
3242,1
3243,1
3244,0
3245,2
3246,0
3247,1
3248,1
3249,1
3250,1
3251,1
3252,1
3253,1
3254,0
3255,1
3256,0
3257,0
3258,1
3259,286
3260,0
3261,0
3262,1
3263,0
3264,51
3265,0
3266,1
3267,1
3268,1
3269,1
3270,0
3271,0
3272,0
3273,1
3274,2
3275,2
3276,253
3277,0
3278,2
3279,1
3280,1
3281,1
3282,1
3283,1
3284,1
3285,1
3286,1
3287,1
3288,0
3289,0
3290,1
3291,1
3292,2
3293,1
3294,2
3295,1
3296,1
3297,1
3298,0
3299,1
3300,0
3301,235
3302,0
3303,234
3304,0
3305,1
3306,1
3307,212
3308,0
3309,0
3310,240
3311,1
3312,281
3313,0
3314,1
3315,58
3316,0
3317,14
3318,0
3319,1
3320,776
3321,549
3322,258
3323,1
3324,2
3325,28
3326,67
3327,48
3328,1
3329,1
3330,1
3331,0
3332,1
3333,1
3334,1
3335,221
3336,0
3337,280
3338,0
3339,0
3340,227
3341,0
3342,57
3343,0
3344,1
3345,86
3346,1
3347,0
3348,1
3349,2
3350,1
3351,1
3352,2
3353,206
3354,1
3355,2
3356,1
3357,1
3358,1
3359,2
3360,1
3361,2
3362,1
3363,0
3364,1
3365,0
3366,1
3367,2
3368,549
3369,264
3370,1
3371,1
3372,2
3373,0
3374,72
3375,0
3376,0
3377,0
3378,244
3379,1
3380,1
3381,276
3382,1
3383,214
3384,0
3385,0
3386,628
3387,346
3388,87
3389,0
3390,1
3391,1
3392,305
3393,95
3394,1
3395,200
3396,0
3397,74
3398,3
3399,571
3400,277
3401,0
3402,0
3403,0
3404,303
3405,35
3406,1
3407,1
3408,1
3409,260
3410,1
3411,0
3412,1
3413,0
3414,17
3415,0
3416,1
3417,1
3418,298
3419,1
3420,2
3421,1
3422,1
3423,39
3424,1
3425,1
3426,0
3427,1
3428,1
3429,0
3430,2
3431,1
3432,0
3433,1
3434,1
3435,1
3436,1
3437,1
3438,1
3439,1
3440,1
3441,2
3442,0
3443,1
3444,5
3445,1
3446,1
3447,1
3448,2
3449,1
3450,1
3451,1
3452,1
3453,1
3454,0
3455,8
3456,1
3457,0
3458,0
3459,2
3460,1
3461,1
3462,1
3463,1
3464,1
3465,1
3466,1
3467,1
3468,1
3469,201
3470,0
3471,1
3472,0
3473,1
3474,0
3475,1
3476,1
3477,1
3478,1
3479,542
3480,298
3481,0
3482,0
3483,0
3484,9
3485,0
3486,0
3487,1
3488,1
3489,2
3490,1
3491,0
3492,0
3493,1
3494,1
3495,1
3496,497
3497,238
3498,1
3499,0
3500,223
3501,0
3502,282
3503,1
3504,2
3505,94
3506,1
3507,40
3508,0
3509,245
3510,0
3511,1
3512,0
3513,290
3514,0
3515,270
3516,1
3517,0
3518,112
3519,1
3520,0
3521,1
3522,1
3523,3
3524,1
3525,1
3526,0
3527,1
3528,2
3529,1
3530,1
3531,1
3532,0
3533,2
3534,1
3536,0
3535,217
3537,1
3538,1
3539,1
3540,0
3541,0
3542,0
3543,0
3544,2
3545,224
3546,0
3547,1
3548,1
3549,1
3550,0
3551,0
3552,1
3553,1
3554,2
3555,0
3556,2
3557,225
3558,0
3559,1
3560,0
3561,1
3562,35
3563,0
3564,0
3565,0
3566,3
3567,0
3568,0
3569,1
3570,0
3571,1
3572,246
3573,1
3574,1
3575,1
3576,1
3577,61
3578,248
3579,1
3580,1
3581,1
3582,1
3583,120
3584,1
3585,1
3586,1
3587,250
3588,4
3589,1
3590,1
3591,0
3592,77
3593,0
3594,2
3595,1
3596,0
3597,231
3598,1
3599,0
3600,202
3601,1
3602,31
3603,0
3604,1
3605,2
3606,0
3607,2
3608,1
3609,4
3610,0
3611,1
3612,526
3613,244
3614,1
3616,0
3615,233
3617,24
3618,53
3619,0
3620,0
3621,1
3622,1
3623,0
3624,1
3625,1
3626,250
3627,0
3628,0
3629,7
3630,1
3631,25
3632,1
3633,1
3634,0
3635,0
3636,0
3637,240
3638,1
3639,1
3640,1
3641,1
3642,46
3643,1
3644,1
3645,1
3646,2
3647,1
3648,1
3649,1
3650,1
3651,231
3652,0
3653,1
3654,0
3655,1
3656,67
3657,1
3658,1
3659,0
3660,2
3661,268
3662,2
3663,1
3664,1
3665,0
3666,287
3667,1
3668,0
3669,1
3670,1
3671,1
3672,0
3673,274
3674,0
3675,1
3676,1
3677,1
3678,1
3679,1
3680,0
3681,2
3682,210
3683,1
3684,1
3685,1
3686,1
3687,1
3688,0
3689,0
3690,0
3691,1
3692,1
3693,1
3694,1
3695,1
3696,1
3697,0
3698,252
3699,0
3700,0
3701,1
3702,1
3703,52
3704,0
3705,1
3706,15
3707,223
3708,1
3709,0
3710,1
3711,1
3712,83
3713,1
3714,1
3715,483
3716,232
3717,1
3718,7
3719,3
3720,308
3721,51
3722,0
3723,1
3724,1
3725,24
3726,0
3727,1
3728,0
3729,0
3730,1
3731,0
3732,1
3733,2
3734,1
3735,0
3736,0
3737,0
3738,0
3739,1
3740,1
3741,0
3742,1
3743,1
3744,1
3745,1
3746,1
3747,309
3748,8
3749,3
3750,1
3751,1
3752,2
3753,1
3754,1
3755,0
3756,209
3757,0
3758,1
3759,0
3760,2
3761,14
3762,16
3763,1
3764,1
3765,1
3766,1
3767,1
3768,0
3769,1
3770,1
3771,1
3772,1
3773,1
3774,1
3775,1
3776,5
3777,2
3778,2
3779,2
3780,1
3781,1
3782,1
3783,1
3784,268
3785,1
3786,1
3787,0
3788,1
3789,0
3790,3
3791,0
3792,1
3793,0
3794,0
3795,447
3796,219
3797,0
3798,1
3799,325
3800,40
3801,54
3802,1
3803,1
3804,145
3805,0
3806,1
3807,1
3808,1
3809,1
3810,1
3811,288
3812,1
3813,2
3814,1
3815,2
3816,8
3817,0
3818,1
3819,0
3820,1
3821,1
3822,0
3823,1
3824,1
3825,1
3826,1
3827,1
3828,1
3829,1
3830,260
3831,1
3832,0
3833,217
3834,1
3835,257
3836,0
3837,1
3838,1
3839,1
3840,142
3841,4
3842,1
3843,0
3844,2
3845,1
3846,1
3847,1
3848,1
3849,227
3850,1
3851,229
3852,0
3853,1
3854,138
3856,180
3855,386
3857,1
3858,1
3859,1
3860,158
3861,247
3862,1
3863,1
3864,3
3865,1
3866,286
3867,0
3868,1
3869,1
3870,8
3871,80
3872,2
3873,227
3874,1
3875,0
3876,0
3877,1
3878,1
3879,1
3880,1
3881,0
3882,0
3883,1
3884,1
3885,1
3886,1
3888,0
3887,265
3889,1
3890,257
3891,0
3892,142
3893,1
3894,1
3895,1
3896,0
3897,255
3898,0
3899,271
3900,0
3901,1
3904,0
3902,566
3903,269
3905,1
3906,1
3907,0
3908,1
3909,0
3910,240
3911,2
3912,1
3913,0
3914,0
3915,50
3916,1
3917,1
3918,1
3920,1
3919,300
3921,1
3922,0
3923,425
3924,223
3925,14
3926,1
3927,2
3928,1
3929,0
3930,1
3931,2
3932,1
3933,2
3934,0
3935,1
3936,1
3937,1
3938,1
3939,1
3940,1
3941,1
3942,1
3943,1
3944,2
3945,1
3946,1
3947,1
3948,0
3949,2
3950,1
3951,0
3952,1
3953,539
3954,241
3955,1
3956,0
3957,302
3958,64
3959,0
3960,1
3961,1
3962,230
3963,0
3964,1
3965,0
3966,2
3967,1
3968,0
3969,2
3970,1
3971,4
3972,1
3973,2
3974,1
3975,0
3976,10
3977,1
3978,0
3979,0
3980,1
3981,1
3982,1
3983,0
3984,1
3985,0
3986,216
3987,0
3988,1
3989,1
3990,1
3991,269
3992,1
3993,0
3994,21
3995,1
3996,299
3997,0
3998,0
3999,2
4000,0
4001,62
4002,497
4003,219
4004,0
4005,1
4006,1
4007,221
4008,0
4009,1
4010,0
4011,290
4012,0
4013,0
4014,1
4015,1
4016,91
4017,1
4018,1
4019,1
4020,1
4021,1
4022,1
4023,1
4024,3
4025,289
4026,0
4027,1
4028,0
4029,1
4030,7
4031,1
4032,2
4033,1
4034,1
4035,0
4036,2
4037,1
4038,1
4039,0
4040,1
4041,1
4042,0
4043,214
4044,2
4045,2
4046,0
4047,1
4048,570
4049,274
4050,1
4051,1
4052,1
4053,0
4054,34
4055,1
4056,1
4057,1
4058,1
4059,0
4060,0
4061,1
4062,1
4063,0
4064,1
4065,224
4066,8
4067,0
4068,218
4069,1
4070,0
4071,270
4072,1
4073,298
4074,0
4075,2
4076,30
4077,3
4078,11
4080,1
4079,230
4081,228
4082,0
4083,0
4084,0
4085,1
4086,298
4087,1
4088,1
4089,272
4090,1
4091,0
4092,0
4093,0
4094,38
4095,0
4096,1
4097,1
4098,1
4099,275
4100,0
4101,472
4102,223
4103,1
4104,68
4105,0
4106,0
4107,0
4108,0
4109,0
4110,0
4111,0
4112,1
4113,1
4114,479
4115,246
4116,1
4117,1
4118,326
4119,76
4120,21
4121,1
4122,0
4123,17
4124,1
4125,0
4126,0
4127,1
4128,2
4129,1
4130,2
4131,1
4132,0
4133,0
4134,0
4135,0
4136,1
4137,1
4138,1
4139,1
4140,1
4141,264
4142,1
4143,1
4144,1
4145,1
4146,45
4147,1
4148,1
4149,1
4150,214
4151,1
4152,1
4153,1
4154,1
4155,8
4156,6
4157,1
4158,1
4159,2
4160,0
4161,0
4162,0
4163,1
4164,213
4165,0
4166,0
4167,1
4168,1
4169,163
4170,0
4171,0
4172,0
4173,0
4174,1
4175,0
4176,264
4177,1
4178,286
4179,0
4180,1
4181,0
4182,386
4183,149
4184,1
4185,1
4186,6
4187,134
4188,0
4189,0
4190,0
4191,0
4192,276
4193,1
4194,1
4195,0
4196,4
4197,155
4198,1
4199,2
4200,1
4201,2
4202,0
4203,0
4204,1
4205,1
4206,1
4208,2
4207,234
4209,0
4210,1
4211,1
4212,49
4213,1
4214,225
4215,1
4216,0
4217,1
4218,1
4219,182
4220,0
4221,1
4222,1
4223,1
4224,1
4225,0
4226,0
4227,538
4228,277
4229,1
4230,0
4231,1
4232,60
4233,268
4234,1
4235,1
4236,0
4237,0
4238,1
4239,0
4240,0
4241,1
4242,1
4243,1
4244,430
4245,223
4246,1
4247,1
4248,1
4249,0
4250,0
4251,3
4252,1
4253,0
4254,1
4255,0
4256,250
4257,1
4258,0
4259,1
4260,0
4261,121
4262,516
4263,248
4264,0
4265,0
4266,0
4267,265
4268,20
4269,2
4270,1
4271,1
4272,1
4273,1
4274,1
4275,2
4276,1
4277,0
4278,1
4279,1
4280,1
4281,1
4282,0
4283,1
4284,1
4285,1
4286,0
4287,0
4288,2
4289,5
4290,1
4291,1
4292,1
4293,1
4294,0
4295,1
4296,0
4297,483
4298,257
4299,24
4300,1
4301,1
4302,1
4303,46
4304,1
4305,13
4306,1
4307,213
4308,0
4309,1
4310,1
4311,1
4312,1
4313,0
4314,2
4315,1
4316,210
4317,1
4318,1
4319,1
4320,1
4321,1
4322,1
4323,0
4324,241
4325,1
4326,0
4327,1
4328,1
4329,110
4330,1
4331,27
4332,502
4333,252
4334,0
4335,0
4336,245
4337,1
4338,73
4339,1
4340,1
4341,51
4342,0
4343,2
4344,15
4345,0
4346,0
4347,1
4348,0
4349,2
4350,1
4351,0
4352,0
4353,1
4354,1
4355,1
4356,1
4357,0
4358,3
4359,1
4360,0
4361,1
4362,1
4363,0
4364,0
4365,0
4366,0
4367,1
4368,-1
4369,13
4370,2
4371,0
4372,0
4373,1
4374,533
4375,258
4376,1
4377,12
4378,0
4379,100
4380,120
4381,1
4382,0
4383,1
4384,1
4385,1
4386,0
4387,0
4388,1
4389,1
4390,0
4391,1
4392,1
4393,0
4394,0
4395,479
4396,268
4397,0
4398,1
4399,0
4400,207
4401,1
4402,0
4403,2
4404,1
4405,1
4406,1
4407,232
4408,0
4409,1
4410,0
4411,1
4412,1
4413,1
4414,0
4415,0
4416,0
4417,1
4418,1
4419,1
4420,15
4421,2
4422,1
4423,0
4424,1
4425,1
4426,255
4427,1
4428,1
4429,1
4430,0
4431,125
4432,402
4433,202
4434,0
4435,1
4436,0
4437,85
4438,0
4439,1
4440,0
4441,462
4442,239
4443,0
4444,1
4445,1
4446,48
4448,0
4447,299
4449,1
4450,1
4451,1
4452,125
4453,1
4454,0
4455,1
4456,32
4457,0
4458,1
4459,1
4460,1
4461,1
4462,1
4463,1
4464,1
4465,1
4466,1
4467,0
4468,296
4469,0
4470,0
4471,1
4472,1
4473,57
4474,283
4475,1
4476,1
4477,222
4478,1
4479,244
4480,223
4481,1
4482,0
4483,1
4484,1
4485,0
4486,0
4487,1
4488,0
4489,0
4490,1
4491,1
4492,0
4493,0
4494,1
4495,1
4496,0
4497,1
4498,1
4499,1
4500,1
4501,1
4502,1
4503,1
4504,1
4505,1
4506,1
4507,1
4508,1
4509,269
4510,0
4512,0
4511,250
4513,1
4514,41
4515,14
4516,1
4517,1
4518,0
4519,0
4520,226
4521,1
4522,1
4523,1
4524,1
4525,256
4526,6
4527,0
4528,1
4529,1
4530,124
4531,0
4532,297
4533,1
4534,1
4535,1
4536,1
4537,48
4538,425
4539,211
4540,0
4541,1
4542,1
4543,105
4544,158
4545,2
4546,1
4547,4
4548,1
4549,0
4550,1
4551,246
4552,0
4553,296
4554,1
4555,1
4556,94
4557,8
4558,166
4559,1
4560,1
4561,1
4562,1
4563,0
4564,0
4565,1
4566,0
4567,1
4568,0
4569,1
4570,1
4571,2
4572,200
4573,0
4574,0
4575,0
4576,1
4577,75
4578,0
4579,209
4580,0
4581,10
4582,226
4583,1
4584,0
4585,14
4586,0
4587,0
4588,1
4589,2
4590,267
4591,0
4592,1
4593,9
4594,1
4595,213
4596,1
4597,1
4598,2
4599,1
4600,58
4601,1
4602,254
4603,1
4604,1
4605,2
4606,1
4607,1
4608,230
4609,0
4610,2
4611,1
4612,1
4613,191
4614,0
4615,2
4616,1
4617,1
4618,0
4619,1
4620,1
4621,0
4622,1
4623,0
4624,0
4625,32
4626,1
4627,17
4628,1
4629,4
4630,1
4631,1
4632,1
4633,215
4634,6
4635,1
4636,2
4637,1
4638,173
4639,0
4640,0
4641,7
4642,1
4643,1
4644,1
4645,1
4646,1
4647,1
4648,1
4649,231
4650,0
4651,1
4652,1
4653,1
4654,128
4655,1
4656,1
4657,290
4658,0
4659,1
4660,0
4661,0
4662,4
4663,1
4664,3
4665,0
4666,0
4667,1
4668,0
4669,210
4670,1
4671,1
4672,1
4673,1
4674,0
4675,0
4676,0
4677,2
4678,1
4679,0
4680,0
4681,1
4682,1
4683,1
4684,0
4685,1
4686,0
4687,0
4688,1
4689,0
4690,0
4691,0
4692,0
4693,1
4694,253
4695,2
4696,0
4697,1
4698,1
4699,0
4700,0
4701,0
4702,1
4703,0
4704,1
4705,1
4706,1
4707,1
4708,0
4709,281
4710,0
4711,1
4712,1
4713,0
4714,0
4715,204
4716,1
4717,2
4718,0
4719,0
4720,205
4721,2
4722,1
4723,2
4724,0
4725,2
4726,1
4727,1
4728,0
4729,0
4730,1
4731,2
4732,1
4736,1
4733,725
4734,502
4735,292
4737,0
4738,81
4739,84
4740,72
4741,421
4742,211
4743,1
4744,0
4745,1
4746,2
4747,1
4748,285
4749,1
4750,1
4752,1
4751,256
4753,253
4754,50
4755,1
4756,0
4757,0
4758,2
4759,65
4760,1
4761,0
4762,1
4763,0
4764,2
4765,1
4766,1
4768,248
4769,1
4767,503
4770,1
4771,0
4772,0
4773,90
4774,0
4775,2
4776,211
4777,0
4778,1
4779,1
4780,1
4781,166
4782,0
4783,1
4784,1
4785,0
4786,300
4787,1
4788,1
4789,1
4790,0
4791,0
4792,1
4793,1
4794,1
4795,300
4796,1
4797,0
4798,8
4799,1
4800,262
4801,0
4802,241
4803,1
4804,327
4805,34
4806,1
4807,43
4808,1
4809,14
4810,2
4811,1
4812,1
4813,1
4814,0
4815,10
4816,1
4817,0
4818,1
4819,0
4820,1
4821,206
4822,3
4823,0
4824,43
4825,2
4826,112
4827,1
4828,1
4829,1
4830,1
4831,1
4832,0
4833,1
4834,0
4835,2
4836,1
4837,0
4838,0
4839,0
4840,1
4841,1
4842,1
4843,2
4844,0
4845,2
4846,1
4848,1
4847,220
4849,2
4850,1
4851,1
4852,144
4853,0
4854,2
4855,1
4856,1
4857,1
4858,1
4859,1
4860,0
4861,1
4862,1
4863,6
4864,12
4865,1
4866,0
4867,0
4868,1
4869,1
4870,0
4871,1
4872,2
4873,1
4874,0
4875,0
4876,1
4877,1
4878,1
4879,1
4880,1
4881,2
4882,1
4883,1
4884,0
4885,1
4886,288
4887,0
4888,1
4889,1
4890,0
4891,0
4892,0
4893,1
4894,232
4895,0
4896,1
4897,1
4898,1
4899,317
4900,70
4901,2
4902,1
4903,1
4904,6
4905,0
4906,1
4907,1
4908,269
4909,0
4910,1
4911,1
4912,1
4913,22
4914,1
4915,2
4916,1
4917,1
4918,1
4919,2
4920,1
4921,1
4922,0
4923,0
4924,1
4925,0
4926,1
4927,1
4928,1
4929,1
4930,1
4931,2
4932,1
4933,1
4934,1
4935,270
4936,0
4937,284
4938,1
4939,1
4940,48
4941,1
4942,99
4943,0
4944,1
4945,0
4946,1
4947,1
4948,2
4949,1
4950,1
4951,0
4952,0
4953,1
4954,1
4955,1
4956,262
4957,0
4958,1
4959,1
4960,2
4961,134
4962,222
4963,0
4964,0
4965,1
4966,0
4967,1
4968,1
4969,1
4970,1
4971,1
4972,2
4973,1
4974,2
4975,1
4976,0
4977,1
4978,1
4979,0
4980,1
4981,0
4982,1
4983,0
4984,1
4985,1
4986,0
4987,2
4988,1
4989,1
4990,1
4991,2
4992,1
4993,1
4994,1
4995,1
4996,1
4997,0
4998,1
4999,1
5000,1
5001,0
5002,0
5003,0
5004,1
5005,1
5006,210
5007,0
5008,0
5009,1
5010,1
5011,101
5012,0
5013,0
5014,1
5015,0
5016,240
5017,0
5018,0
5019,1
5020,1
5021,335
5022,95
5023,1
5024,2
5025,0
5026,102
5027,1
5028,1
5029,3
5030,37
5031,1
5032,1
5033,1
5034,0
5035,2
5036,259
5037,0
5038,288
5039,0
5040,495
5041,287
5042,49
5043,39
5044,1
5045,106
5046,3
5047,1
5048,0
5049,1
5050,1
5051,1
5052,1
5053,8
5056,2
5054,512
5055,223
5057,2
5058,0
5059,1
5060,0
5061,0
5062,1
5063,1
5064,1
5065,1
5066,1
5067,1
5068,1
5069,1
5070,7
5071,1
5072,1
5073,0
5074,1
5075,2
5076,1
5077,0
5078,0
5079,1
5080,1
5081,0
5082,1
5083,1
5084,1
5085,0
5086,1
5087,11
5088,1
5089,0
5090,1
5091,1
5092,5
5093,1
5094,1
5095,1
5096,1
5097,1
5098,1
5099,1
5100,1
5101,297
5102,7
5103,1
5104,0
5105,1
5106,47
5107,1
5108,1
5109,2
5110,1
5111,1
5112,7
5113,247
5114,0
5115,262
5116,2
5117,0
5118,204
5119,0
5120,3
5121,1
5122,248
5123,1
5124,1
5125,222
5126,1
5127,76
5128,0
5129,306
5130,43
5131,1
5132,2
5133,0
5134,82
5135,1
5136,2
5137,2
5138,1
5139,34
5140,1
5141,1
5142,3
5143,1
5144,1
5145,1
5146,0
5147,0
5148,0
5149,294
5150,1
5151,0
5152,0
5153,1
5154,0
5155,0
5156,27
5157,224
5158,0
5159,0
5160,0
5161,5
5162,299
5163,0
5164,1
5165,1
5166,1
5167,85
5168,289
5169,0
5170,1
5171,5
5172,1
5173,42
5174,1
5175,226
5176,0
5177,2
5178,1
5179,1
5180,122
5181,1
5182,0
5184,0
5183,220
5185,1
5186,1
5187,1
5188,135
5189,0
5190,1
5191,0
5192,287
5193,0
5194,1
5195,550
5196,296
5197,41
5198,0
5199,1
5200,162
5201,126
5202,1
5203,1
5204,10
5205,1
5206,218
5207,3
5208,1
5209,0
5210,0
5211,173
5212,252
5213,0
5214,0
5215,1
5216,5
5217,163
5218,0
5219,1
5220,1
5221,1
5222,1
5223,1
5224,1
5225,1
5226,4
5227,1
5228,0
5229,1
5230,0
5231,1
5232,1
5233,1
5234,1
5235,1
5236,294
5237,1
5238,1
5239,1
5240,0
5241,201
5242,0
5243,1
5244,238
5245,0
5246,1
5247,1
5248,1
5249,82
5250,0
5251,238
5252,0
5253,8
5254,0
5255,297
5256,1
5257,0
5258,206
5259,0
5260,3
5261,0
5262,0
5263,2
5264,1
5265,207
5266,6
5267,2
5268,1
5269,0
5270,502
5271,298
5272,42
5273,2
5274,2
5275,172
5276,60
5277,0
5278,278
5279,1
5280,1
5281,1
5282,435
5283,208
5284,5
5285,1
5286,0
5287,0
5288,156
5289,520
5290,220
5291,14
5292,1
5293,1
5294,113
5295,236
5296,23
5297,1
5298,1
5299,1
5300,2
5301,1
5302,0
5303,1
5304,0
5305,3
5306,0
5307,1
5308,44
5309,1
5310,1
5311,1
5312,1
5313,0
5314,292
5315,2
5316,1
5317,1
5318,0
5319,33
5320,1
5321,238
5322,0
5323,1
5324,1
5325,1
5326,84
5327,2
5328,1
5329,0
5330,1
5331,1
5332,1
5333,0
5334,1
5335,2
5336,0
5337,1
5338,0
5339,1
5340,1
5341,0
5342,1
5343,1
5344,1
5345,0
5346,1
5347,0
5348,1
5349,1
5350,1
5351,2
5352,279
5353,1
5354,232
5355,0
5356,1
5357,232
5358,2
5359,1
5360,20
5361,2
5362,282
5363,0
5364,0
5365,468
5366,224
5367,1
5368,1
5369,1
5370,1
5371,0
5372,4
5373,1
5374,1
5376,0
5375,292
5377,1
5378,1
5379,1
5380,9
5381,2
5382,273
5383,0
5384,0
5385,2
5386,362
5387,111
5388,1
5389,240
5390,0
5391,82
5392,1
5393,1
5394,2
5395,300
5396,1
5397,1
5398,0
5399,1
5400,296
5401,0
5402,1
5403,1
5404,1
5405,91
5406,1
5407,2
5408,1
5409,1
5410,2
5411,1
5412,25
5413,1
5414,1
5415,2
5416,1
5417,1
5418,291
5419,0
5420,0
5421,0
5422,1
5423,210
5424,0
5425,1
5426,0
5427,1
5428,1
5429,2
5430,4
5431,1
5432,1
5433,254
5434,1
5435,1
5436,2
5437,1
5438,0
5440,0
5439,223
5441,1
5442,1
5443,1
5444,217
5445,0
5446,1
5447,1
5448,1
5449,0
5450,0
5451,2
5452,0
5453,1
5454,1
5455,1
5456,1
5457,1
5458,238
5459,1
5460,214
5461,0
5462,2
5463,1
5464,0
5465,144
5466,1
5467,0
5468,1
5469,1
5470,1
5471,1
5472,1
5473,515
5474,280
5475,0
5476,1
5477,1
5478,1
5479,0
5480,0
5481,454
5482,248
5483,1
5484,1
5485,1
5486,169
5487,26
5488,1
5489,1
5490,1
5491,1
5492,1
5493,1
5494,1
5495,0
5496,1
5497,1
5498,1
5499,1
5500,1
5501,1
5502,1
5503,1
5504,1
5505,270
5506,1
5507,1
5508,1
5509,1
5510,102
5511,2
5512,1
5513,1
5514,0
5515,236
5516,8
5517,1
5518,271
5519,1
5520,219
5521,0
5522,1
5523,159
5524,1
5525,8
5526,0
5527,1
5528,0
5529,1
5530,1
5531,1
5532,1
5533,288
5534,0
5535,1
5536,1
5537,1
5538,99
5539,519
5540,226
5541,19
5542,246
5543,1
5544,216
5545,0
5546,0
5547,103
5548,1
5549,1
5550,1
5551,2
5552,1
5553,1
5554,1
5555,1
5556,0
5557,1
5558,1
5559,282
5560,1
5561,0
5562,266
5563,1
5564,114
5565,1
5566,1
5567,44
5568,278
5569,0
5570,0
5571,1
5572,0
5573,133
5574,1
5575,1
5576,1
5577,1
5578,0
5579,1
5580,1
5581,0
5582,0
5583,0
5584,1
5585,1
5586,1
5587,0
5588,2
5589,1
5590,1
5591,0
5592,0
5593,2
5594,1
5595,1
5596,0
5597,1
5598,1
5599,1
5600,1
5601,1
5602,1
5603,249
5604,1
5605,892
5606,603
5607,314
5608,66
5609,0
5610,31
5611,49
5612,24
5613,1
5614,1
5615,2
5616,0
5617,2
5618,2
5619,203
5620,1
5621,1
5622,1
5623,259
5624,0
5625,0
5626,0
5627,1
5628,72
5629,1
5630,1
5631,0
5632,0
5633,275
5634,0
5635,0
5636,0
5637,1
5638,102
5639,1
5640,12
5641,1
5642,1
5643,1
5644,245
5645,0
5646,1
5647,1
5648,1
5649,2
5650,4
5651,1
5652,232
5653,0
5654,1
5655,1
5656,2
5657,94
5658,0
5659,1
5660,1
5661,232
5662,0
5663,1
5664,0
5665,1
5666,486
5667,273
5668,0
5669,1
5670,0
5671,74
5672,522
5673,226
5674,0
5675,0
5676,0
5677,30
5678,66
5679,1
5680,1
5681,1
5682,1
5683,0
5684,1
5685,2
5686,1
5687,1
5688,0
5689,1
5690,6
5691,2
5692,6
5693,0
5694,1
5696,0
5695,276
5697,1
5698,0
5699,2
5700,93
5701,298
5702,0
5703,1
5704,2
5705,0
5706,13
5707,1
5708,1
5709,1
5710,1
5711,1
5712,1
5713,269
5714,1
5715,2
5716,258
5717,0
5718,61
5719,1
5720,0
5721,213
5722,1
5723,1
5724,2
5725,1
5726,0
5727,1
5728,1
5729,66
5730,1
5731,1
5732,1
5733,1
5734,1
5735,1
5736,2
5737,1
5738,0
5739,1
5740,20
5741,22
5742,1
5744,1
5743,270
5745,1
5746,1
5747,0
5748,0
5749,1
5750,1
5751,2
5752,1
5753,1
5754,0
5755,1
5756,1
5757,1
5758,1
5759,1
5760,1
5761,21
5762,1
5763,1
5764,1
5765,1
5766,1
5767,0
5768,30
5769,2
5770,0
5771,0
5772,0
5773,1
5774,1
5775,1
5776,1
5777,2
5778,1
5779,1
5780,1
5781,1
5782,1
5783,1
5784,2
5785,0
5786,1
5787,0
5788,1
5789,1
5792,0
5790,539
5791,276
5793,13
5794,2
5795,76
5796,3
5797,1
5798,1
5799,1
5800,222
5801,1
5802,0
5803,271
5804,0
5805,43
5806,291
5807,46
5808,183
5809,16
5810,1
5811,3
5812,0
5813,1
5814,0
5815,1
5816,11
5817,1
5818,1
5819,1
5820,69
5821,1
5822,1
5823,2
5824,301
5825,2
5826,502
5827,272
5828,0
5829,106
5830,1
5831,143
5832,547
5833,289
5834,1
5835,301
5836,1
5837,113
5838,91
5840,81
5839,350
5841,0
5842,235
5843,0
5844,96
5845,1
5846,1
5847,70
5848,4
5849,1
5850,1
5851,1
5852,1
5853,1
5854,1
5855,1
5856,1
5857,202
5858,0
5859,0
5860,1
5861,217
5862,1
5863,58
5864,2
5865,1
5866,66
5867,1
5868,1
5869,1
5870,1
5872,0
5871,222
5873,1
5874,1
5875,14
5876,1
5877,0
5878,1
5879,1
5880,1
5881,1
5882,1
5883,1
5884,1
5885,9
5886,0
5887,0
5888,2
5889,2
5890,0
5891,1
5892,8
5893,1
5894,1
5895,1
5896,1
5897,0
5898,1
5899,0
5900,1
5901,4
5902,1
5903,60
5904,1
5905,1
5906,3
5907,2
5908,260
5909,0
5910,2
5911,17
5912,1
5913,378
5914,174
5915,0
5916,13
5917,1
5918,136
5920,1
5919,246
5921,0
5922,1
5923,0
5924,1
5925,296
5926,1
5927,1
5928,1
5929,0
5930,156
5931,0
5932,1
5933,1
5934,0
5935,1
5936,0
5937,1
5938,1
5939,1
5940,1
5941,13
5942,0
5943,488
5944,206
5945,0
5946,1
5947,43
5948,183
5949,419
5950,153
5951,1
5952,1
5953,0
5954,469
5955,210
5956,9
5957,208
5958,0
5959,393
5960,99
5961,153
5962,94
